experiment,executable,ranks,threads,n,nz,mode,phase,repetition,time_s,rayleigh,reference_rayleigh,rayleigh_error,returncode
phases,mpi_omp,1,2,500000,20000000,regular,computation,1,44.425266,5.601504662506892,5.601504662506887,5.329070518200751e-15,0
phases,mpi_omp,1,2,500000,20000000,regular,global_spmv,1,41.579835,5.601504662506892,5.601504662506887,5.329070518200751e-15,0
phases,mpi_omp,1,2,500000,20000000,regular,global_epoch,1,2e-06,5.601504662506892,5.601504662506887,5.329070518200751e-15,0
phases,mpi_omp,1,2,500000,20000000,regular,global_comm,1,0.556494,5.601504662506892,5.601504662506887,5.329070518200751e-15,0
phases,mpi_omp,1,2,500000,20000000,regular,global_rotate,1,1.684932,5.601504662506892,5.601504662506887,5.329070518200751e-15,0
phases,mpi_omp,1,2,500000,20000000,regular,global_normalize,1,0.358996,5.601504662506892,5.601504662506887,5.329070518200751e-15,0
phases,mpi_omp,1,2,500000,20000000,regular,computation,2,45.013995,5.601504662506892,5.601504662506887,5.329070518200751e-15,0
phases,mpi_omp,1,2,500000,20000000,regular,global_spmv,2,42.116847,5.601504662506892,5.601504662506887,5.329070518200751e-15,0
phases,mpi_omp,1,2,500000,20000000,regular,global_epoch,2,1e-06,5.601504662506892,5.601504662506887,5.329070518200751e-15,0
phases,mpi_omp,1,2,500000,20000000,regular,global_comm,2,0.571316,5.601504662506892,5.601504662506887,5.329070518200751e-15,0
phases,mpi_omp,1,2,500000,20000000,regular,global_rotate,2,1.7122,5.601504662506892,5.601504662506887,5.329070518200751e-15,0
phases,mpi_omp,1,2,500000,20000000,regular,global_normalize,2,0.367597,5.601504662506892,5.601504662506887,5.329070518200751e-15,0
phases,mpi_omp,1,2,500000,20000000,regular,computation,3,44.444819,5.601504662506892,5.601504662506887,5.329070518200751e-15,0
phases,mpi_omp,1,2,500000,20000000,regular,global_spmv,3,41.596199,5.601504662506892,5.601504662506887,5.329070518200751e-15,0
phases,mpi_omp,1,2,500000,20000000,regular,global_epoch,3,2e-06,5.601504662506892,5.601504662506887,5.329070518200751e-15,0
phases,mpi_omp,1,2,500000,20000000,regular,global_comm,3,0.55844,5.601504662506892,5.601504662506887,5.329070518200751e-15,0
phases,mpi_omp,1,2,500000,20000000,regular,global_rotate,3,1.68895,5.601504662506892,5.601504662506887,5.329070518200751e-15,0
phases,mpi_omp,1,2,500000,20000000,regular,global_normalize,3,0.357326,5.601504662506892,5.601504662506887,5.329070518200751e-15,0
phases,mpi_omp,1,4,500000,20000000,regular,computation,1,45.594672,5.601504662506892,5.601504662506887,5.329070518200751e-15,0
phases,mpi_omp,1,4,500000,20000000,regular,global_spmv,1,41.93225,5.601504662506892,5.601504662506887,5.329070518200751e-15,0
phases,mpi_omp,1,4,500000,20000000,regular,global_epoch,1,1e-06,5.601504662506892,5.601504662506887,5.329070518200751e-15,0
phases,mpi_omp,1,4,500000,20000000,regular,global_comm,1,0.633827,5.601504662506892,5.601504662506887,5.329070518200751e-15,0
phases,mpi_omp,1,4,500000,20000000,regular,global_rotate,1,1.836733,5.601504662506892,5.601504662506887,5.329070518200751e-15,0
phases,mpi_omp,1,4,500000,20000000,regular,global_normalize,1,0.942883,5.601504662506892,5.601504662506887,5.329070518200751e-15,0
phases,mpi_omp,1,4,500000,20000000,regular,computation,2,45.636552,5.601504662506892,5.601504662506887,5.329070518200751e-15,0
phases,mpi_omp,1,4,500000,20000000,regular,global_spmv,2,41.892061,5.601504662506892,5.601504662506887,5.329070518200751e-15,0
phases,mpi_omp,1,4,500000,20000000,regular,global_epoch,2,1e-06,5.601504662506892,5.601504662506887,5.329070518200751e-15,0
phases,mpi_omp,1,4,500000,20000000,regular,global_comm,2,0.631686,5.601504662506892,5.601504662506887,5.329070518200751e-15,0
phases,mpi_omp,1,4,500000,20000000,regular,global_rotate,2,1.864976,5.601504662506892,5.601504662506887,5.329070518200751e-15,0
phases,mpi_omp,1,4,500000,20000000,regular,global_normalize,2,1.002136,5.601504662506892,5.601504662506887,5.329070518200751e-15,0
phases,mpi_omp,1,4,500000,20000000,regular,computation,3,45.603406,5.601504662506892,5.601504662506887,5.329070518200751e-15,0
phases,mpi_omp,1,4,500000,20000000,regular,global_spmv,3,41.782651,5.601504662506892,5.601504662506887,5.329070518200751e-15,0
phases,mpi_omp,1,4,500000,20000000,regular,global_epoch,3,1e-06,5.601504662506892,5.601504662506887,5.329070518200751e-15,0
phases,mpi_omp,1,4,500000,20000000,regular,global_comm,3,0.632718,5.601504662506892,5.601504662506887,5.329070518200751e-15,0
phases,mpi_omp,1,4,500000,20000000,regular,global_rotate,3,1.861768,5.601504662506892,5.601504662506887,5.329070518200751e-15,0
phases,mpi_omp,1,4,500000,20000000,regular,global_normalize,3,1.081103,5.601504662506892,5.601504662506887,5.329070518200751e-15,0
phases,mpi_omp,2,2,500000,20000000,regular,computation,1,25.004207,5.601504662506892,5.601504662506887,5.329070518200751e-15,0
phases,mpi_omp,2,2,500000,20000000,regular,global_spmv,1,22.036794,5.601504662506892,5.601504662506887,5.329070518200751e-15,0
phases,mpi_omp,2,2,500000,20000000,regular,global_epoch,1,2e-06,5.601504662506892,5.601504662506887,5.329070518200751e-15,0
phases,mpi_omp,2,2,500000,20000000,regular,global_comm,1,0.69964,5.601504662506892,5.601504662506887,5.329070518200751e-15,0
phases,mpi_omp,2,2,500000,20000000,regular,global_rotate,1,1.753517,5.601504662506892,5.601504662506887,5.329070518200751e-15,0
phases,mpi_omp,2,2,500000,20000000,regular,global_normalize,1,0.374879,5.601504662506892,5.601504662506887,5.329070518200751e-15,0
phases,mpi_omp,2,2,500000,20000000,regular,computation,2,34.248278,5.601504662506892,5.601504662506887,5.329070518200751e-15,0
phases,mpi_omp,2,2,500000,20000000,regular,global_spmv,2,31.245048,5.601504662506892,5.601504662506887,5.329070518200751e-15,0
phases,mpi_omp,2,2,500000,20000000,regular,global_epoch,2,2e-06,5.601504662506892,5.601504662506887,5.329070518200751e-15,0
phases,mpi_omp,2,2,500000,20000000,regular,global_comm,2,9.904298,5.601504662506892,5.601504662506887,5.329070518200751e-15,0
phases,mpi_omp,2,2,500000,20000000,regular,global_rotate,2,1.765724,5.601504662506892,5.601504662506887,5.329070518200751e-15,0
phases,mpi_omp,2,2,500000,20000000,regular,global_normalize,2,0.376591,5.601504662506892,5.601504662506887,5.329070518200751e-15,0
phases,mpi_omp,2,2,500000,20000000,regular,computation,3,25.178715,5.601504662506892,5.601504662506887,5.329070518200751e-15,0
phases,mpi_omp,2,2,500000,20000000,regular,global_spmv,3,22.214627,5.601504662506892,5.601504662506887,5.329070518200751e-15,0
phases,mpi_omp,2,2,500000,20000000,regular,global_epoch,3,2e-06,5.601504662506892,5.601504662506887,5.329070518200751e-15,0
phases,mpi_omp,2,2,500000,20000000,regular,global_comm,3,0.777902,5.601504662506892,5.601504662506887,5.329070518200751e-15,0
phases,mpi_omp,2,2,500000,20000000,regular,global_rotate,3,1.762469,5.601504662506892,5.601504662506887,5.329070518200751e-15,0
phases,mpi_omp,2,2,500000,20000000,regular,global_normalize,3,0.37491,5.601504662506892,5.601504662506887,5.329070518200751e-15,0
phases,mpi_omp,2,4,500000,20000000,regular,computation,1,35.777128,5.601504662506892,5.601504662506887,5.329070518200751e-15,0
phases,mpi_omp,2,4,500000,20000000,regular,global_spmv,1,31.508241,5.601504662506892,5.601504662506887,5.329070518200751e-15,0
phases,mpi_omp,2,4,500000,20000000,regular,global_epoch,1,2e-06,5.601504662506892,5.601504662506887,5.329070518200751e-15,0
phases,mpi_omp,2,4,500000,20000000,regular,global_comm,1,9.867229,5.601504662506892,5.601504662506887,5.329070518200751e-15,0
phases,mpi_omp,2,4,500000,20000000,regular,global_rotate,1,2.054387,5.601504662506892,5.601504662506887,5.329070518200751e-15,0
phases,mpi_omp,2,4,500000,20000000,regular,global_normalize,1,1.103905,5.601504662506892,5.601504662506887,5.329070518200751e-15,0
phases,mpi_omp,2,4,500000,20000000,regular,computation,2,26.857781,5.601504662506892,5.601504662506887,5.329070518200751e-15,0
phases,mpi_omp,2,4,500000,20000000,regular,global_spmv,2,22.599362,5.601504662506892,5.601504662506887,5.329070518200751e-15,0
phases,mpi_omp,2,4,500000,20000000,regular,global_epoch,2,2e-06,5.601504662506892,5.601504662506887,5.329070518200751e-15,0
phases,mpi_omp,2,4,500000,20000000,regular,global_comm,2,1.14201,5.601504662506892,5.601504662506887,5.329070518200751e-15,0
phases,mpi_omp,2,4,500000,20000000,regular,global_rotate,2,1.94823,5.601504662506892,5.601504662506887,5.329070518200751e-15,0
phases,mpi_omp,2,4,500000,20000000,regular,global_normalize,2,1.064489,5.601504662506892,5.601504662506887,5.329070518200751e-15,0
phases,mpi_omp,2,4,500000,20000000,regular,computation,3,35.719861,5.601504662506892,5.601504662506887,5.329070518200751e-15,0
phases,mpi_omp,2,4,500000,20000000,regular,global_spmv,3,31.422749,5.601504662506892,5.601504662506887,5.329070518200751e-15,0
phases,mpi_omp,2,4,500000,20000000,regular,global_epoch,3,2e-06,5.601504662506892,5.601504662506887,5.329070518200751e-15,0
phases,mpi_omp,2,4,500000,20000000,regular,global_comm,3,10.011639,5.601504662506892,5.601504662506887,5.329070518200751e-15,0
phases,mpi_omp,2,4,500000,20000000,regular,global_rotate,3,2.016165,5.601504662506892,5.601504662506887,5.329070518200751e-15,0
phases,mpi_omp,2,4,500000,20000000,regular,global_normalize,3,1.126335,5.601504662506892,5.601504662506887,5.329070518200751e-15,0
phases,mpi_omp,4,2,500000,20000000,regular,computation,1,18.040562,5.601504662506892,5.601504662506887,5.329070518200751e-15,0
phases,mpi_omp,4,2,500000,20000000,regular,global_spmv,1,14.878726,5.601504662506892,5.601504662506887,5.329070518200751e-15,0
phases,mpi_omp,4,2,500000,20000000,regular,global_epoch,1,2e-06,5.601504662506892,5.601504662506887,5.329070518200751e-15,0
phases,mpi_omp,4,2,500000,20000000,regular,global_comm,1,0.953145,5.601504662506892,5.601504662506887,5.329070518200751e-15,0
phases,mpi_omp,4,2,500000,20000000,regular,global_rotate,1,1.805476,5.601504662506892,5.601504662506887,5.329070518200751e-15,0
phases,mpi_omp,4,2,500000,20000000,regular,global_normalize,1,0.417534,5.601504662506892,5.601504662506887,5.329070518200751e-15,0
phases,mpi_omp,4,2,500000,20000000,regular,computation,2,18.144849,5.601504662506892,5.601504662506887,5.329070518200751e-15,0
phases,mpi_omp,4,2,500000,20000000,regular,global_spmv,2,15.008946,5.601504662506892,5.601504662506887,5.329070518200751e-15,0
phases,mpi_omp,4,2,500000,20000000,regular,global_epoch,2,2e-06,5.601504662506892,5.601504662506887,5.329070518200751e-15,0
phases,mpi_omp,4,2,500000,20000000,regular,global_comm,2,1.091919,5.601504662506892,5.601504662506887,5.329070518200751e-15,0
phases,mpi_omp,4,2,500000,20000000,regular,global_rotate,2,1.803313,5.601504662506892,5.601504662506887,5.329070518200751e-15,0
phases,mpi_omp,4,2,500000,20000000,regular,global_normalize,2,0.411777,5.601504662506892,5.601504662506887,5.329070518200751e-15,0
phases,mpi_omp,4,2,500000,20000000,regular,computation,3,21.268226,5.601504662506892,5.601504662506887,5.329070518200751e-15,0
phases,mpi_omp,4,2,500000,20000000,regular,global_spmv,3,18.135489,5.601504662506892,5.601504662506887,5.329070518200751e-15,0
phases,mpi_omp,4,2,500000,20000000,regular,global_epoch,3,2e-06,5.601504662506892,5.601504662506887,5.329070518200751e-15,0
phases,mpi_omp,4,2,500000,20000000,regular,global_comm,3,4.584331,5.601504662506892,5.601504662506887,5.329070518200751e-15,0
phases,mpi_omp,4,2,500000,20000000,regular,global_rotate,3,1.808837,5.601504662506892,5.601504662506887,5.329070518200751e-15,0
phases,mpi_omp,4,2,500000,20000000,regular,global_normalize,3,0.415883,5.601504662506892,5.601504662506887,5.329070518200751e-15,0
phases,mpi_omp,4,4,500000,20000000,regular,computation,1,19.717631,5.601504662506892,5.601504662506887,5.329070518200751e-15,0
phases,mpi_omp,4,4,500000,20000000,regular,global_spmv,1,14.62374,5.601504662506892,5.601504662506887,5.329070518200751e-15,0
phases,mpi_omp,4,4,500000,20000000,regular,global_epoch,1,4e-06,5.601504662506892,5.601504662506887,5.329070518200751e-15,0
phases,mpi_omp,4,4,500000,20000000,regular,global_comm,1,1.970534,5.601504662506892,5.601504662506887,5.329070518200751e-15,0
phases,mpi_omp,4,4,500000,20000000,regular,global_rotate,1,2.098752,5.601504662506892,5.601504662506887,5.329070518200751e-15,0
phases,mpi_omp,4,4,500000,20000000,regular,global_normalize,1,1.157245,5.601504662506892,5.601504662506887,5.329070518200751e-15,0
phases,mpi_omp,4,4,500000,20000000,regular,computation,2,25.319895,5.601504662506892,5.601504662506887,5.329070518200751e-15,0
phases,mpi_omp,4,4,500000,20000000,regular,global_spmv,2,17.472766,5.601504662506892,5.601504662506887,5.329070518200751e-15,0
phases,mpi_omp,4,4,500000,20000000,regular,global_epoch,2,2e-06,5.601504662506892,5.601504662506887,5.329070518200751e-15,0
phases,mpi_omp,4,4,500000,20000000,regular,global_comm,2,8.18558,5.601504662506892,5.601504662506887,5.329070518200751e-15,0
phases,mpi_omp,4,4,500000,20000000,regular,global_rotate,2,2.203158,5.601504662506892,5.601504662506887,5.329070518200751e-15,0
phases,mpi_omp,4,4,500000,20000000,regular,global_normalize,2,1.126015,5.601504662506892,5.601504662506887,5.329070518200751e-15,0
phases,mpi_omp,4,4,500000,20000000,regular,computation,3,19.721165,5.601504662506892,5.601504662506887,5.329070518200751e-15,0
phases,mpi_omp,4,4,500000,20000000,regular,global_spmv,3,14.519402,5.601504662506892,5.601504662506887,5.329070518200751e-15,0
phases,mpi_omp,4,4,500000,20000000,regular,global_epoch,3,3e-06,5.601504662506892,5.601504662506887,5.329070518200751e-15,0
phases,mpi_omp,4,4,500000,20000000,regular,global_comm,3,2.055354,5.601504662506892,5.601504662506887,5.329070518200751e-15,0
phases,mpi_omp,4,4,500000,20000000,regular,global_rotate,3,2.073926,5.601504662506892,5.601504662506887,5.329070518200751e-15,0
phases,mpi_omp,4,4,500000,20000000,regular,global_normalize,3,1.236696,5.601504662506892,5.601504662506887,5.329070518200751e-15,0
